marker_id,mutation_name
1,M1:N30D
2,M1:T215A
3,M1:I43M
4,M2:L26F
5,M2:I27A
6,M2:I27T
7,M2:I27S
8,M2:A30V
9,M2:A30T
10,M2:A30S
11,M2:S31N
12,M2:S31G
13,M2:G34E
14,NS-1:P42S
15,NS-1:D74N
16,NS-1:Y84F
17,NS-1:D92E
19,NS-1:I106M
20,NS-1:C138F
21,NS-1:V149A
22,NS-1:L103F
22,NS-1:I106M
23,NS-1:N205S
23,NS-2:T48A
24,NS-1:G210R
24,NS-2:M51I
25,NS-1:D74N
25,NS-1:P3S
25,NS-1:R41K
26,NS-1:R38A
26,NS-1:K41A
27,NS-1:C138F
27,NS-1:K55E
27,NS-1:K66E
28,NS-2:M16I
29,NS-2:M16I
29,NS-2:Y41C
29,NS-2:E75G
30,NP:I41V
31,NP:K91R
32,NP:M105V
33,NP:I109T
34,NP:A184K
35,NP:K198R
36,NP:E210D
37,NP:K227R
38,NP:K229R
39,NP:N319K
40,NP:E434K
41,NP:K470R
42,NP:Q357L
42,PB2:E627K
43,PB2:D9N
44,PB2:V25A
45,PB2:I63T
47,PB2:E158K
48,PB2:E192K
49,PB2:A199S
50,PB2:D253N
51,PB2:D256G
53,PB2:I292V
54,PB2:E358V
56,PB2:K389R
57,PB2:L339T
58,PB2:K482R
59,PB2:K526R
60,PB2:M535L
61,PB2:A588V
62,PB2:Q591K
65,PB2:V598T
66,PB2:V598I
73,PB2:E627V
79,PB2:D701V
80,PB2:S714R
82,PB2:S715N
83,PB2:M28I
83,PB2:A274T
83,PB2:K526R
83,PB2:I553V
83,PB2:L607V
84,PB2:L89V
84,PB2:G309D
85,PB2:L89V
85,PB2:G309D
85,PB2:T339K
85,PB2:R477G
85,PB2:I495V
85,PB2:K627E
85,PB2:A676T
86,PB2:M147L
86,PB2:E627K
87,PB2:I147T
87,PB2:K339T
87,PB2:A588T
88,PB2:K526R
88,PB2:E627K
89,PB2:E627K
89,PB2:D701N
90,PB2:E627K
90,PB2:S714R
91,PB2:E627K
91,PB2:D701N
91,PB2:S714R
92,PB2:D701N
92,PB2:S714R
94,PB1:D3V
95,PB1:N105S
96,PB1:K207R
97,PB1:Y436H
98,PB1:V473L
99,PB1:K577E
100,PB1:V598P
101,PB1:D622G
102,PB1:T677M
103,PB1:S678N
104,PB1:V3A
104,PB1:N328K
104,PB1:N375S
105,PB1:V473L
105,PB1:P598L
106,PB1-F2:N66S
107,PB1-F2:T51M
107,PB1-F2:V56A
107,PB1-F2:E87G
108,PA:S37A
109,PA:A37S
110,PA:V63I
111,PA:T97I
114,PA:K142N
115,PA:K142E
116,PA:K158R
117,PA:P190S
118,PA:K356R
119,PA:N383D
120,PA:Q400P
121,PA:N409S
122,PA:S421I
123,PA:R443K
124,PA:K497R
125,PA:T515A
126,PA:K615N
127,PA:A343S
127,PA:D347E
128,PA:P103H
128,PA:S659L
129,PA:S224P
129,PA:N383D
130,PA:K142R
130,PA:I147V
130,PA:I171V
130,PA:M182L
131,PA:V44I
131,PA:V127A
131,PA:C241Y
131,PA:A343T
131,PA:I573V
132,PA:S149P
132,PA:H266R
132,PA:I357K
132,PA:S515T
133,PA:K356R
133,PB2:E627K
134,HA1-5:D94N
135,HA1-5:S121N
136,HA1-5:S133A
138,HA1-5:G139R
139,HA1-5:S154N
141,HA1-5:S155N
142,HA1-5:T156A
143,HA1-5:G182V
144,HA1-5:N182K
145,HA1-5:N182D
146,HA1-5:V182N
147,HA1-5:P182L
148,HA1-5:D183G
149,HA1-5:E186G
150,HA1-5:E186V
151,HA1-5:T186V
152,HA1-5:T188I
153,HA1-5:K189R
154,HA1-5:K189T
155,HA1-5:Q192R
156,HA1-5:Q192H
157,HA1-5:N193K
158,HA1-5:V210I
166,HA1-5:L222I
167,HA1-5:S223N
168,HA1-5:G224A
175,HA1-5:P235S
176,HA1-5:E251K
177,HA2-5:K58I
178,HA2-5:K64E
179,HA1-5:E75K
179,HA1-5:S123P
180,HA1-5:E75K
180,HA1-5:S123P
180,HA2-5:R167K
181,HA1-5:E75K
181,HA1-5:S123P
181,HA1-5:N193K
181,HA2-5:R167K
182,HA1-5:E75K
182,HA1-5:N193K
183,HA1-5:E75K
183,HA1-5:N193K
183,HA2-5:R167K
184,HA1-5:E75K
184,HA2-5:R167K
185,HA1-5:H103Y
185,HA1-5:T156A
185,HA1-5:Q222L
185,HA1-5:G224S
185,PB2:E627K
185,PB1:H99Y
186,HA1-5:S107R
186,HA1-5:T108I
187,HA1-5:S123P
187,HA1-5:N193K
188,HA1-5:S123P
188,HA1-5:N193K
188,HA2-5:R167K
189,HA1-5:S133A
189,HA1-5:T188I
190,HA1-5:G139R
190,HA1-5:N182K
191,HA1-5:N154D
191,HA1-5:N220K
191,HA1-5:Q222L
191,HA1-5:T315I
192,HA1-5:N154S
192,HA1-5:Q222L
193,HA1-5:N154S
193,HA1-5:Q222L
193,HA1-5:N244D
194,HA1-5:S155N
194,HA1-5:T156A
195,HA1-5:S155N
195,HA1-5:T156A
195,HA1-5:S223N
196,HA1-5:T156A
196,HA1-5:K189T
196,HA1-5:N220K
196,HA1-5:Q222L
197,HA1-5:T156A
197,HA1-5:Q222L
198,HA1-5:T156A
198,HA1-5:Q222L
198,HA1-5:G224S
199,HA1-5:T156A
199,HA1-5:S223N
200,HA1-5:V182N
200,HA1-5:G224S
201,HA1-5:V182G
201,HA1-5:K189T
201,HA1-5:G224S
202,HA1-5:V182K
202,HA1-5:K189T
202,HA1-5:G224S
203,HA1-5:V182N
203,HA1-5:N220K
203,HA1-5:G224S
204,HA1-5:N182K
204,HA1-5:Q192R
204,HA1-5:Q222L
204,HA1-5:S223N
204,HA1-5:G224S
205,HA1-5:N182K
205,HA1-5:Q222L
205,HA1-5:S223N
205,HA1-5:G224S
206,HA1-5:E183G
206,HA1-5:E186D
206,HA1-5:K189S
206,HA1-5:Q222L
206,HA1-5:G224S
207,HA1-5:E183G
207,HA1-5:Q222L
207,HA1-5:G224S
208,HA1-5:D183G
208,HA1-5:S223N
210,HA1-5:E186G
210,HA1-5:Q222E
210,HA1-5:G224S
211,HA1-5:K189R
211,HA1-5:Q222L
211,HA1-5:G224S
212,HA1-5:Q192R
212,HA1-5:Q222L
212,HA1-5:S223N
212,HA1-5:G224S
213,HA1-5:Q192R
213,HA1-5:Q222L
213,HA1-5:G224S
214,HA1-5:Q192R
214,HA1-5:S223N
215,HA1-5:N193K
215,HA2-5:R167K
216,HA1-5:K218Q
216,HA1-5:S223R
217,HA1-5:N220K
217,HA1-5:G224S
218,HA1-5:Q222L
218,HA1-5:S223N
218,HA1-5:G224S
219,HA1-5:Q222L
219,HA1-5:G224S
223,NA-1:V116A
224,NA-1:I117T
225,NA-1:E119A
226,NA-1:E119D
227,NA-1:E119G
228,NA-1:Q136L
229,NA-1:D199G
230,NA-1:I223M
231,NA-1:S247N
232,NA-1:H275Y
233,NA-1:E278Q
234,NA-1:N295S
235,NA-1:K432T
236,NA-1:I117V
236,NA-1:I314V
237,NA-1:E119A
237,NA-1:H275Y
238,NA-1:E119D
238,NA-1:H275Y
239,NA-1:E119G
239,NA-1:H275Y
240,NA-1:I223L
240,NA-1:S247N
241,NA-1:I223M
241,NA-1:H275Y
242,NA-1:I223V
242,NA-1:H275Y
243,NA-1:K150N
243,NA-1:I223L
243,NA-1:S247N
244,HA1-5:K189T
244,HA1-5:G224S
247,NA-1:S110F
249,NA-1:I117V
250,NA-1:I117R
254,NA-1:E119V
261,NA-1:Q136K
262,NA-1:V149A
263,NA-1:R152K
264,NA-1:Y155H
265,NA-1:D199E
266,NA-1:D199Y
268,NA-1:I223K
269,NA-1:I223L
270,NA-1:I223R
271,NA-1:I223T
272,NA-1:I223V
277,NA-1:S247G
279,NA-1:S247R
285,NA-1:R293K
290,NA-1:I427T
292,NA-1:I436N
293,NA-1:P458T
294,NA-1:I117V
294,NA-1:E119V
295,NA-1:I117M
295,NA-1:E119V
296,NA-1:I117V
296,NA-1:H275Y
297,NA-1:I117M
297,NA-1:H275Y
298,NA-1:I117V
298,NA-1:N295S
299,NA-1:I117M
299,NA-1:N295S
307,NA-1:E119V
307,NA-1:H275Y
308,NA-1:Q136K
308,NA-1:D151E
309,NA-1:Q136K
309,NA-1:H275Y
310,NA-1:G147R
310,NA-1:H275Y
311,NA-1:D151E
311,NA-1:H275Y
312,NA-1:D151N
312,NA-1:H275Y
313,NA-1:D151G
313,NA-1:H275Y
314,NA-1:D199N
314,NA-1:H275Y
318,NA-1:I223V
318,NA-1:N295S
319,NA-1:I223K
319,NA-1:H275Y
320,NA-1:I223R
320,NA-1:H275Y
324,NA-1:S247N
324,NA-1:H275Y
325,NA-1:H275Y
325,NA-1:I436N
326,NA-1:R293K
326,NA-1:H275Y
327,NA-1:N295S
327,NA-1:H275Y
328,NA-1:Q313K
328,NA-1:I427T
329,NA-1:S334N
329,NA-1:H275Y
330,NA-1:I117V
330,NA-1:N295S
330,NA-1:H275Y
331,NA-1:I117M
331,NA-1:N295S
331,NA-1:H275Y
332,NA-1:Q136K
332,NA-1:D151N
332,NA-1:H275Y
333,NA-1:I223V
333,NA-1:N295S
333,NA-1:H275Y
335,PB1:K229R
336,PA:E23G
337,PA:E23K
338,PA:E23R
339,PA:K34R
340,PA:A36V
341,PA:A37T
342,PA:I38F
343,PA:I38L
344,PA:I38M
345,PA:I38N
346,PA:I38S
347,PA:I38T
348,PA:I38V
349,PA:E119D
350,PA:E198K
352,PA:E199G
353,PA:E199D
354,NP:Y52N
355,NP:F313Y
356,NP:F313V
357,NA-1:S364N
358,NA-1:S369C
359,NA-1:T397A
360,PB2:M535I
361,M2:V27I
362,NA-1:A369I
363,NA-1:K432E
364,NA-1:K432N
365,NA-1:Q136R
366,NP:R99K
366,NP:S345N
366,HA1-5:H103Y
366,HA1-5:T156A
366,HA1-5:Q222L
366,HA1-5:G224S
366,PB2:E627K
366,PB1:H99Y
366,PB1:I368V
367,HA1-5:S123P
367,HA2-5:R167K
368,HA1-5:L129V
368,HA1-5:A134V
369,HA1-5:N182K
369,HA1-5:Q222L
369,HA1-5:G224S
370,NA-1:I222K
371,NA-1:E276D
372,NA-1:R292K
374,NA-1:R371K
375,NA-1:E119V
375,NA-1:E222V
383,NA-1:I396M
384,NA-1:I396V
115,PB2:E627K
385,PB2:M631L
386,NP:L283P
386,NP:F313Y
386,NP:R100I
387,NP:L283P
387,NP:F313V
387,NP:R100I
388,NP:L283P
388,NP:F313Y
388,NP:R100V
389,NP:F313V
389,NP:L283P
389,NP:R100V
390,HA1-5:N189D
391,HA1-5:T134A
392,HA1-5:R152Q
140,HA1-5:N154D
393,HA1-5:T183P
393,HA1-5:M223L
394,HA1-5:N193D
395,HA1-5:N194D
395,HA1-5:A223E
395,NS-1:A53D
396,HA1-5:I208T
159,HA1-5:G221D
169,HA1-5:G224S
397,HA1-5:H152N
397,HA1-5:S260R
397,PA:I38M
398,HA1-5:A156V
399,HA1-5:A103V
400,HA1-5:A103V
400,PB2:E627K
401,HA1-5:R189M
401,HA1-5:Q222L
401,HA1-5:G224S
137,HA1-5:A134V
402,HA1-5:L190P
160,HA1-5:Q222L
404,HA1-5:S205Y
405,HA1-5:N220K
405,HA1-5:Q222L
46,PB2:E158G
52,PB2:T271A
406,PB2:Q591R
67,PB2:E627K
75,PB2:D701N
407,PB2:K702R
408,PB2:D740N
409,PB2:T588I
410,PB2:Q591R
410,PB2:G590S
411,PB2:K699R
412,PA:D347G
412,PA:S49Y
412,PB2:S155N
413,PB2:A655V
413,PB2:E543D
413,PB2:K526R
413,PB2:E627V
414,NP:V284M
414,M1:R211Q
414,M1:R95K
414,PB2:T81I
414,HA1-5:K301R
414,PB2:E627K
415,PB2:M483K
416,PB2:F323L
417,PB1:H115Q
417,PB2:E627K
418,HA1-5:T195I
246,NP:E434K
246,HA1-5:Q223P
246,PB2:D195N
209,HA1-5:T185A
209,HA2-5:G193R
245,NP:E434K
245,HA1-5:Q223P
245,HA2-5:D46E
419,PA:S225E
